slug,name,url,complex,difficulty,one_way,ebike_ok,closed,segments,distance_m,distance_mi,elev_gain_m,elev_loss_m,elev_gain_ft,elev_loss_ft,elev_min_m,elev_max_m,closure,pois,flag_lat,flag_lng
50-shades-of-blue,50 Shades of Blue,https://bendbikerides.com/trail/50-shades-of-blue,Wanoga Sno Park,blue,,False,False,1,442.0,0.27,0.0,39.0,0,128,1652.6,1691.3,,Wanoga Sno Park,43.98204,-121.539285
afternoon-delight,Afternoon Delight,https://bendbikerides.com/trail/afternoon-delight,Sunriver,green,False,True,False,1,6970.0,4.33,187.0,103.0,614,338,1253.9,1393.0,,,43.93206,-121.457085
alpine-chrome-toilet,Alpine (Chrome Toilet),https://bendbikerides.com/trail/alpine-chrome-toilet,Oakridge,blue,False,True,False,1,5111.0,3.18,344.0,119.0,1129,390,1130.2,1419.0,,,43.88635,-122.47804500000001
alpine-lower,Alpine (Lower),https://bendbikerides.com/trail/alpine-lower,Oakridge,blue,False,True,False,1,13659.0,8.49,391.0,1186.0,1283,3891,352.6,1225.0,,,43.799385,-122.49835
alpine-upper,Alpine (Upper),https://bendbikerides.com/trail/alpine-upper,Oakridge,blue,False,True,False,1,6400.0,3.98,234.0,424.0,768,1391,1165.1,1456.5,,,43.854565,-122.47800000000001
antiques-roadshow,Antiques Roadshow,https://bendbikerides.com/trail/antiques-roadshow,Prineville & Ochocos,blue,False,False,False,1,1024.0,0.64,48.0,48.0,157,157,915.0,942.0,,,44.29376,-120.870525
arnold-ice-cave,Arnold Ice Cave,https://bendbikerides.com/trail/arnold-ice-cave,East of Bend,blue,False,False,False,1,15735.0,9.78,443.0,79.0,1453,259,1290.0,1672.2,Cabin Butte Area Closure,,43.8993,-121.18841
bachelor-mountain,Bachelor Mountain,https://bendbikerides.com/trail/bachelor-mountain,Cascade Crest,black,False,False,False,1,2925.0,1.82,362.0,31.0,1188,102,1478.0,1809.5,,,44.622665,-122.02339
bachy-west-xc,Bachy West XC,https://bendbikerides.com/trail/bachy-west-xc,Mt. Bachelor Bike Park,blue,,False,False,1,3086.0,1.92,14.0,105.0,46,344,1837.0,1928.2,,,44.008804999999995,-121.686185
bens-trail,Ben’s Trail,https://bendbikerides.com/trail/bens-trail,Phil's Trail Complex,green,True,True,False,1,8441.0,5.24,233.0,48.0,764,157,1185.8,1371.2,,NF 300;Phil’s Trailhead,44.037310000000005,-121.424115
betty-lake,Betty lake,https://bendbikerides.com/trail/betty-lake,Waldo Lake,blue,False,False,False,1,2945.0,1.83,72.0,54.0,236,177,1670.6,1733.3,,,43.68199,-122.02781999999999
big-bark,Big Bark,https://bendbikerides.com/trail/big-bark,Maston,green,,False,False,1,1943.0,1.21,19.0,22.0,62,72,974.8,996.2,,,44.22368,-121.2973
big-wood,Big Wood,https://bendbikerides.com/trail/big-wood,Mt. Bachelor Bike Park,black,True,True,False,1,598.0,0.37,5.0,92.0,16,302,1971.4,2058.5,,Mt Bachelor Bike Park,43.998525,-121.677445
black-rock,Black Rock,https://bendbikerides.com/trail/black-rock,Sunriver,green,False,True,False,1,6643.0,4.13,91.0,13.0,299,43,1287.0,1369.0,,,43.917379999999994,-121.38624999999999
blade-runner,Blade Runner,https://bendbikerides.com/trail/blade-runner,Mt. Bachelor Bike Park,blue,True,True,False,1,657.0,0.41,4.0,76.0,13,249,1953.1,2026.1,,Mt Bachelor Bike Park,43.999375,-121.67637500000001
blue-belly-loop,Blue Belly Loop,https://bendbikerides.com/trail/blue-belly-loop,Cline Butte,blue,,False,False,1,3503.0,2.18,58.0,58.0,190,190,945.7,984.8,,,44.271519999999995,-121.33786
blue-belly-stem,Blue Belly Stem,https://bendbikerides.com/trail/blue-belly-stem,Cline Butte,green,False,False,False,1,3088.0,1.92,33.0,21.0,108,69,930.5,950.2,,,44.28149,-121.32496499999999
bobber,Bobber,https://bendbikerides.com/trail/bobber,,"blue,green",False,False,False,2,3957.0,2.46,33.0,33.0,108,108,912.0,924.0,,High Desert Sports Complex,44.298675,-121.1438
bobby-lake,Bobby Lake,https://bendbikerides.com/trail/bobby-lake,Waldo Lake,green,False,False,False,1,3909.0,2.43,41.0,78.0,135,256,1652.6,1709.4,,,43.66648,-122.00108
bones,Bones,https://bendbikerides.com/trail/bones,Madras,green,False,True,False,1,1823.0,1.13,44.0,11.0,144,36,760.0,794.0,,,44.62975,-121.08719500000001
brewers-choice,Brewer’s Choice,https://bendbikerides.com/trail/brewers-choice,Prineville & Ochocos,"green,green",False,False,False,2,1704.0,1.06,55.0,53.0,180,174,884.0,923.0,,,44.295485,-120.870195
bridge-to-nowhere,Bridge to Nowhere,https://bendbikerides.com/trail/bridge-to-nowhere,Madras,green,False,True,False,1,769.0,0.48,31.0,3.0,102,10,776.0,804.0,,,44.631115,-121.081755
browder-ridge,Browder Ridge,https://bendbikerides.com/trail/browder-ridge,Cascade Crest,black,False,False,False,1,6798.0,4.22,527.0,164.0,1729,538,1227.7,1601.3,,,44.37521,-122.11301
bruno-meadows,Bruno Meadows,https://bendbikerides.com/trail/bruno-meadows,Cascade Crest,blue,False,False,False,1,2348.0,1.46,248.0,24.0,814,79,1308.7,1544.0,,,44.63563499999999,-122.00186500000001
bugaboo-ridge,Bugaboo Ridge,https://bendbikerides.com/trail/bugaboo-ridge,Cascade Crest,black,False,False,False,1,4807.0,2.99,60.0,434.0,197,1424,1271.6,1649.0,,,44.62468,-121.999325
bull-snake,Bull Snake,https://bendbikerides.com/trail/bull-snake,Cline Butte,green,False,False,False,1,1155.0,0.72,50.0,4.0,164,13,1012.6,1059.9,,,44.263315000000006,-121.30964
bunchgrass-lower,Bunchgrass (Lower),https://bendbikerides.com/trail/bunchgrass-lower,Oakridge,black,False,False,False,1,9909.0,6.16,1013.0,491.0,3323,1611,1071.3,1593.4,,,43.746375,-122.30529
bunchgrass-upper,Bunchgrass (Upper),https://bendbikerides.com/trail/bunchgrass-upper,Oakridge,black,False,False,False,1,21113.0,13.12,1158.0,823.0,3799,2700,1517.8,1929.3,,,43.693775,-122.1883
burma-road,Burma Road,https://bendbikerides.com/trail/burma-road,,blue,False,False,False,1,1453.0,0.9,205.0,6.0,673,20,889.2,1093.9,,,44.372945,-121.12703
canyon-trail,Canyon Trail,https://bendbikerides.com/trail/canyon-trail,,green,False,False,False,1,793.0,0.49,3.0,55.0,10,180,815.9,867.6,,Smith Rock Welcome Center,44.36677,-121.138225
canyon-trail-west,Canyon Trail West,https://bendbikerides.com/trail/canyon-trail-west,,black,False,False,False,1,1933.0,1.2,79.0,39.0,259,128,807.8,860.3,,Smith Rock Welcome Center,44.36106,-121.14563000000001
castle-rock,Castle Rock,https://bendbikerides.com/trail/castle-rock,McKenzie,blue,False,False,False,1,6827.0,4.24,672.0,189.0,2205,620,666.6,1164.4,,,44.14018,-122.21108
catch-and-release,Catch & Release,https://bendbikerides.com/trail/catch-and-release,Wanoga Sno Park,green,False,True,False,1,7759.0,4.82,142.0,122.0,466,400,1220.0,1273.0,,Cascade Lakes Welcome Center,43.97593,-121.423785
chain-reaction,Chain Reaction,https://bendbikerides.com/trail/chain-reaction,Sunriver,"blue,black",,True,False,2,1463.0,0.91,57.0,52.0,187,171,1290.7,1324.4,,,43.90786,-121.45599999999999
chainbreak,Chainbreak,https://bendbikerides.com/trail/chainbreak,Cline Butte,blue,True,False,False,1,1303.0,0.81,3.0,187.0,10,614,1009.4,1193.5,,,44.25265,-121.295525
charlton-lake-19,Charlton Lake #19,https://bendbikerides.com/trail/charlton-lake-19,Waldo Lake,black,False,False,False,1,12349.0,7.67,474.0,224.0,1555,735,1513.9,1798.6,,,43.76265,-121.94124
charlton-lake-3593,Charlton Lake #3593,https://bendbikerides.com/trail/charlton-lake-3593,Waldo Lake,blue,False,False,False,1,2388.0,1.48,92.0,7.0,302,23,1658.9,1749.6,,,43.74944,-121.99004500000001
clear-lake,Clear Lake,https://bendbikerides.com/trail/clear-lake,McKenzie,blue,False,False,False,1,4161.0,2.59,105.0,124.0,344,407,920.8,954.2,,,44.371520000000004,-121.99839499999999
cline-access,Cline Access,https://bendbikerides.com/trail/cline-access,Cline Butte,green,False,False,False,1,1899.0,1.18,162.0,8.0,531,26,1083.8,1239.1,,,44.25435,-121.309825
cline-butte-xc-trail,Cline Butte XC Trail,https://bendbikerides.com/trail/cline-butte-xc-trail,Cline Butte,green,False,False,False,1,4293.0,2.67,189.0,128.0,620,420,1012.9,1121.8,,,44.254975,-121.30454
clover-meadow-21,Clover Meadow #21,https://bendbikerides.com/trail/clover-meadow-21,Waldo Lake,blue,False,False,False,1,3673.0,2.28,141.0,9.0,463,30,1588.0,1720.8,,,43.75938,-121.92855499999999
cloverpatch,Cloverpatch,https://bendbikerides.com/trail/cloverpatch,Oakridge,blue,False,True,False,1,13356.0,8.3,857.0,729.0,2812,2392,531.0,1021.7,,,43.819675000000004,-122.531055
cobra-dh,Cobra DH,https://bendbikerides.com/trail/cobra-dh,Madras,black,True,True,False,1,602.0,0.37,12.0,41.0,39,135,803.0,833.0,,,44.63127,-121.07776
cod,COD,https://bendbikerides.com/trail/cod,Phil's Trail Complex,"blue,black,green,black,green,black",False,True,False,6,14758.0,9.17,221.0,419.0,725,1375,1170.0,1368.0,,Green Gate;Cascade Lakes Welcome Center,44.003575,-121.40853
coffin-mountain,Coffin Mountain,https://bendbikerides.com/trail/coffin-mountain,Cascade Crest,black,False,False,False,1,2165.0,1.35,329.0,13.0,1079,43,1444.8,1761.7,,,44.615044999999995,-122.04719
cole-loop,Cole Loop,https://bendbikerides.com/trail/cole-loop,,blue,False,False,False,1,18095.0,11.24,545.0,782.0,1788,2566,889.1,1248.1,,Skull Hollow Campground,44.41488,-121.11149499999999
cole-loop-pine-ridge,Cole Loop (Pine Ridge),https://bendbikerides.com/trail/cole-loop-pine-ridge,,blue,False,False,False,1,11348.0,7.05,416.0,178.0,1365,584,918.6,1178.3,,Skull Hollow Campground,44.415814999999995,-121.06514
cone-run,Cone Run,https://bendbikerides.com/trail/cone-run,Mt. Bachelor Bike Park,blue,True,True,False,1,2204.0,1.37,54.0,177.0,177,581,2001.5,2128.8,,,43.996520000000004,-121.67904999999999
cougar-creek,Cougar Creek,https://bendbikerides.com/trail/cougar-creek,Prineville & Ochocos,blue,False,False,False,1,12520.0,7.78,520.0,778.0,1706,2552,1047.0,1491.0,Brewer Crosswhite West Fire Area Closure,,44.531015,-120.41057
cover-charge,Cover Charge,https://bendbikerides.com/trail/cover-charge,Cline Butte,blue,False,False,False,1,2533.0,1.57,163.0,33.0,535,108,1058.7,1190.7,,,44.25772,-121.30535499999999
coyote-loop,Coyote Loop,https://bendbikerides.com/trail/coyote-loop,East of Bend,blue,False,False,False,1,11105.0,6.9,413.0,73.0,1355,240,1322.8,1678.7,Cabin Butte Area Closure,Boyd Cave,43.896249999999995,-121.206575
coyote-run,Coyote Run,https://bendbikerides.com/trail/coyote-run,Madras,blue,False,True,False,1,633.0,0.39,2.0,53.0,7,174,780.0,831.0,,,44.627340000000004,-121.08221499999999
crater-rim,Crater Rim,https://bendbikerides.com/trail/crater-rim,La Pine,blue,False,False,False,1,32194.0,20.0,962.0,964.0,3156,3163,1932.0,2320.0,,,43.715505,-121.226895
crazy-horse,Crazy Horse,https://bendbikerides.com/trail/crazy-horse,East of Bend,blue,False,False,False,1,15368.0,9.55,263.0,263.0,863,863,1289.2,1457.7,,,43.909095,-121.08164500000001
crescent-mountain-north,Crescent Mountain (North),https://bendbikerides.com/trail/crescent-mountain-north,Cascade Crest,black,False,False,False,1,5785.0,3.59,589.0,106.0,1932,348,1230.2,1729.5,,,44.465705,-122.085915
crescent-mountain-south,Crescent Mountain (South),https://bendbikerides.com/trail/crescent-mountain-south,Cascade Crest,black,False,False,False,1,7300.0,4.54,85.0,701.0,279,2300,1094.6,1758.2,,,44.4381,-122.06166999999999
crooked-arm,Crooked Arm,https://bendbikerides.com/trail/crooked-arm,East of Bend,double-black,False,False,False,1,1850.0,1.15,22.0,82.0,72,269,1411.2,1489.7,,,43.924184999999994,-121.070955
crossfire,Crossfire,https://bendbikerides.com/trail/crossfire,Cline Butte,green,False,False,False,1,2105.0,1.31,173.0,18.0,568,59,1009.1,1165.4,,,44.250955,-121.30066500000001
cultus-lake-loop,Cultus Lake Loop,https://bendbikerides.com/trail/cultus-lake-loop,Waldo Lake,green,False,False,False,1,18853.0,11.71,275.0,274.0,902,899,1378.7,1504.2,,,43.825540000000004,-121.85810000000001
dead-mountain,Dead Mountain,https://bendbikerides.com/trail/dead-mountain,,blue,False,True,False,1,9382.0,5.83,904.0,205.0,2966,673,407.6,1141.2,,,43.767165,-122.41574
deschutes-river-trail,Deschutes River Trail,https://bendbikerides.com/trail/deschutes-river-trail,Sunriver,blue,False,True,False,1,22607.0,14.05,460.0,366.0,1509,1201,1167.2,1279.2,Cabin Butte Area Closure,Benham Falls,43.96768,-121.40151499999999
dinah-moe-humm,Dinah Moe Humm,https://bendbikerides.com/trail/dinah-moe-humm,Wanoga Sno Park,blue,False,True,False,1,9817.0,6.1,148.0,288.0,486,945,1537.3,1712.9,,,43.93949,-121.56389
double-ditch,Double Ditch,https://bendbikerides.com/trail/double-ditch,Sisters,blue,False,False,False,1,410.0,0.25,2.0,11.0,7,36,1037.5,1047.2,,,44.240444999999994,-121.523395
dry-river-canyon,Dry River Canyon,https://bendbikerides.com/trail/dry-river-canyon,East of Bend,black,False,False,False,1,5155.0,3.2,277.0,112.0,909,367,1122.3,1287.5,,,43.922070000000005,-121.005765
dsm,DSM,https://bendbikerides.com/trail/dsm,Mt. Bachelor Bike Park,blue,True,True,False,1,643.0,0.4,38.0,62.0,125,203,1979.9,2013.9,,,44.003715,-121.688435
duck-n-cover,Duck 'n' Cover,https://bendbikerides.com/trail/duck-n-cover,,"blue,black",False,False,False,2,3418.0,2.12,56.0,60.0,184,197,912.0,924.0,,,44.299365,-121.13640000000001
duodenum,Duodenum,https://bendbikerides.com/trail/duodenum,Wanoga Sno Park,"blue,blue",mixed,True,True,2,4821.0,3.0,139.0,178.0,456,584,1455.9,1579.0,,,43.933975000000004,-121.49441
eagle-rock,Eagle Rock,https://bendbikerides.com/trail/eagle-rock,Sisters,black,False,False,False,1,715.0,0.44,34.0,29.0,112,95,1000.6,1033.4,,,44.261340000000004,-121.53476
eagle-rock-loop,Eagle Rock Loop,https://bendbikerides.com/trail/eagle-rock-loop,Sisters,blue,False,False,False,1,2482.0,1.54,24.0,15.0,79,49,998.1,1021.9,,,44.258645,-121.53856999999999
edison-lava,Edison-Lava,https://bendbikerides.com/trail/edison-lava,,black,,False,False,1,15931.0,9.9,358.0,440.0,1175,1444,1450.7,1814.5,,,43.922135,-121.681375
elko-point,Elko Point,https://bendbikerides.com/trail/elko-point,Sunriver,blue,False,True,False,1,614.0,0.38,1.0,43.0,3,141,1272.1,1314.1,,,43.912395000000004,-121.44628
elv,ELV,https://bendbikerides.com/trail/elv,Phil's Trail Complex,green,False,True,False,1,1381.0,0.86,25.0,23.0,82,75,1232.0,1245.7,,,44.017920000000004,-121.401605
escape-from-moscow,Escape from Moscow,https://bendbikerides.com/trail/escape-from-moscow,East of Bend,black,False,False,False,1,2373.0,1.47,8.0,151.0,26,495,1109.8,1253.4,,,43.93739,-121.03205
eula-ridge,EULA Ridge,https://bendbikerides.com/trail/eula-ridge,Oakridge,black,False,False,False,1,6144.0,3.82,85.0,980.0,279,3215,291.1,1188.1,,,43.81388,-122.644755
evergreen,Evergreen,https://bendbikerides.com/trail/evergreen,Mt. Bachelor Bike Park,blue,True,False,False,1,2004.0,1.25,52.0,165.0,171,541,1938.9,2051.9,,Mt Bachelor Bike Park,43.9999,-121.679435
expressway,Expressway,https://bendbikerides.com/trail/expressway,Phil's Trail Complex,green,False,True,False,1,1821.0,1.13,16.0,21.0,52,69,1213.1,1232.5,,The Flaming Chicken,44.02359,-121.404365
ext,EXT,https://bendbikerides.com/trail/ext,Phil's Trail Complex,green,False,True,False,1,808.0,0.5,19.0,15.0,62,49,1367.0,1382.0,,NF 300,44.028395,-121.462015
farewell,Farewell,https://bendbikerides.com/trail/farewell,North of Skyliner,black,False,False,False,1,5191.0,3.23,50.0,392.0,164,1286,1510.0,1852.0,,Tumalo Falls,44.042125,-121.568975
fat-rabbit-loop,Fat Rabbit Loop,https://bendbikerides.com/trail/fat-rabbit-loop,Maston,green,False,False,False,1,5005.0,3.11,72.0,50.0,236,164,933.4,970.0,,,44.236230000000006,-121.261245
flagline-access,Flagline Access,https://bendbikerides.com/trail/flagline-access,Swampy Lakes,blue,,False,False,1,3294.0,2.05,132.0,50.0,433,164,1924.3,2038.4,,Dutchman Flat Sno Park,44.012330000000006,-121.66147
flagline-tie,Flagline Tie,https://bendbikerides.com/trail/flagline-tie,Swampy Lakes,blue,,False,False,1,2116.0,1.31,26.0,49.0,85,161,1901.5,1936.0,,,44.002930000000006,-121.60412
ftl,FTL,https://bendbikerides.com/trail/ftl,Mt. Bachelor Bike Park,green,True,True,False,1,1050.0,0.65,6.0,90.0,20,295,1942.7,2026.3,,Mt Bachelor Bike Park,44.00001,-121.67494500000001
fuji-mountain,Fuji Mountain,https://bendbikerides.com/trail/fuji-mountain,Waldo Lake,black,False,False,False,1,9452.0,5.87,774.0,82.0,2539,269,1470.4,2176.4,,,43.645785000000004,-122.07811000000001
funner,Funner,https://bendbikerides.com/trail/funner,Wanoga Sno Park,blue,False,True,False,1,6673.0,4.15,12.0,275.0,39,902,1386.0,1650.0,,Wanoga Sno Park,43.980795,-121.501315
galyen-stallion,Galyen Stallion,https://bendbikerides.com/trail/galyen-stallion,Madras,black,True,True,False,1,257.0,0.16,0.0,36.0,0,118,793.0,829.0,,,44.624965,-121.08151000000001
gate-creek,Gate Creek,https://bendbikerides.com/trail/gate-creek,Cascade Crest,black,False,False,False,1,4692.0,2.92,59.0,535.0,194,1755,1115.8,1592.0,,,44.367270000000005,-122.07321999999999
gold-lake,Gold Lake,https://bendbikerides.com/trail/gold-lake,Waldo Lake,blue,False,False,False,1,5859.0,3.64,54.0,289.0,177,948,1469.8,1704.6,,,43.651665,-122.032265
goodman-creek,Goodman Creek,https://bendbikerides.com/trail/goodman-creek,Oakridge,blue,False,False,False,1,10046.0,6.24,830.0,247.0,2723,810,284.4,911.9,,,43.844395,-122.70308499999999
gordon-lakes,Gordon Lakes,https://bendbikerides.com/trail/gordon-lakes,Cascade Crest,black,False,False,False,1,11216.0,6.97,501.0,246.0,1644,807,958.3,1279.8,,,44.369519999999994,-122.30762
gordon-meadows,Gordon Meadows,https://bendbikerides.com/trail/gordon-meadows,Cascade Crest,blue,False,False,False,1,1146.0,0.71,89.0,3.0,292,10,1222.8,1310.7,,,44.36757,-122.31146
gordon-peak,Gordon Peak,https://bendbikerides.com/trail/gordon-peak,Cascade Crest,blue,False,False,False,1,10820.0,6.72,148.0,852.0,486,2795,703.6,1407.6,,,44.53855,-122.14542499999999
grand-slam,Grand Slam,https://bendbikerides.com/trail/grand-slam,Phil's Trail Complex,"blue,black",,True,False,2,8299.0,5.16,59.0,255.0,194,837,1212.6,1417.8,,,44.01377,-121.43438
gray-butte,Gray Butte,https://bendbikerides.com/trail/gray-butte,,blue,False,False,False,1,9900.0,6.15,428.0,361.0,1404,1184,1086.0,1303.5,,,44.402845,-121.10868500000001
green-ridge,Green Ridge,https://bendbikerides.com/trail/green-ridge,Sisters,green,False,False,False,1,18903.0,11.75,564.0,318.0,1850,1043,1132.0,1478.9,,,44.48762,-121.60717500000001
gut-punch,Gut Punch,https://bendbikerides.com/trail/gut-punch,Madras,blue,False,True,False,1,609.0,0.38,49.0,5.0,161,16,793.0,837.0,,,44.62502,-121.08094
hanger,Hanger,https://bendbikerides.com/trail/hanger,Mt. Bachelor Bike Park,blue,True,True,False,1,1122.0,0.7,23.0,117.0,75,384,2023.7,2118.7,,,43.9932,-121.67087000000001
hardesty,Hardesty,https://bendbikerides.com/trail/hardesty,Oakridge,blue,False,False,False,1,9457.0,5.88,1127.0,255.0,3698,837,293.8,1295.0,,,43.822295,-122.665205
has-no-horse,Has No Horse,https://bendbikerides.com/trail/has-no-horse,East of Bend,blue,False,False,False,1,7147.0,4.44,240.0,63.0,787,207,1311.9,1489.2,,,43.917500000000004,-121.03550999999999
headgate,Headgate,https://bendbikerides.com/trail/headgate,Maston,green,False,False,False,1,3314.0,2.06,19.0,12.0,62,39,974.6,984.2,,Maston Trailhead,44.215215,-121.28667
heart-lake,Heart Lake,https://bendbikerides.com/trail/heart-lake,Cascade Crest,black,False,False,False,1,1855.0,1.15,187.0,29.0,614,95,1591.5,1749.8,,,44.3708,-122.08879
heckletooth,Heckletooth,https://bendbikerides.com/trail/heckletooth,Oakridge,black,False,False,False,1,11184.0,6.95,1092.0,520.0,3583,1706,499.3,1120.6,,,43.73971,-122.38367500000001
hello-kitty,Hello Kitty,https://bendbikerides.com/trail/hello-kitty,Sisters,blue,False,False,False,1,484.0,0.3,1.0,5.0,3,16,1133.5,1138.3,,,44.22673,-121.552955
holy-loop,Holy Loop,https://bendbikerides.com/trail/holy-loop,East of Bend,black,False,False,False,1,3023.0,1.88,5.0,356.0,16,1168,1138.5,1490.6,,,43.938055,-121.0731
holy-loop-connector,Holy Loop Connector,https://bendbikerides.com/trail/holy-loop-connector,East of Bend,green,False,False,False,1,3293.0,2.05,130.0,155.0,427,509,1118.6,1254.4,,Horse Ridge Trailhead,43.944815000000006,-121.05996999999999
homestead,Homestead,https://bendbikerides.com/trail/homestead,,black,False,False,False,1,1191.0,0.74,9.0,64.0,30,210,814.7,870.6,,Smith Rock Welcome Center,44.370217499999995,-121.136811
horse-butte,Horse Butte,https://bendbikerides.com/trail/horse-butte,East of Bend,blue,False,False,False,1,15853.0,9.85,240.0,241.0,787,791,1196.0,1319.0,Cabin Butte Area Closure;Cabin Butte Area Closure,Horse Butte;Boyd Cave,43.95827,-121.21453
hot-dust,Hot Dust,https://bendbikerides.com/trail/hot-dust,Mt. Bachelor Bike Park,black,True,True,False,1,836.0,0.52,6.0,138.0,20,453,1939.0,2070.1,,Mt Bachelor Bike Park,43.99991,-121.681745
hotshot-spur,Hotshot Spur,https://bendbikerides.com/trail/hotshot-spur,,black,False,False,False,1,464.0,0.29,12.0,5.0,39,16,924.0,932.0,,High Desert Sports Complex,44.293639999999996,-121.14239
hummingbird,Hummingbird,https://bendbikerides.com/trail/hummingbird,Cline Butte,blue,False,False,False,1,1941.0,1.21,35.0,56.0,115,184,943.0,987.8,,,44.279399999999995,-121.31218000000001
independent-mine,Independent Mine,https://bendbikerides.com/trail/independent-mine,Prineville & Ochocos,blue,False,False,False,1,6698.0,4.16,413.0,92.0,1355,302,1790.0,2113.0,,,44.329620000000006,-120.358705
indigo-extension,Indigo Extension,https://bendbikerides.com/trail/indigo-extension,Oakridge,black,False,True,False,1,2336.0,1.45,251.0,27.0,823,89,1800.6,2034.8,,,43.391545,-122.09853000000001
indigo-lake,Indigo Lake,https://bendbikerides.com/trail/indigo-lake,Oakridge,blue,False,True,False,1,4390.0,2.73,224.0,41.0,735,135,1617.7,1810.6,,,43.399895,-122.10928
jim-weaver-loop,Jim Weaver Loop,https://bendbikerides.com/trail/jim-weaver-loop,Waldo Lake,blue,False,False,False,1,30983.0,19.25,638.0,638.0,2093,2093,1651.5,1752.9,,,43.723485,-122.03597500000001
june-lake,June Lake,https://bendbikerides.com/trail/june-lake,Oakridge,blue,False,True,False,1,3402.0,2.11,167.0,64.0,548,210,1615.1,1723.8,,,43.40281,-122.12628000000001
juniper-trailhead,Juniper Trailhead,https://bendbikerides.com/trail/juniper-trailhead,Maston,green,,False,False,1,211.0,0.13,7.0,0.0,23,0,945.2,952.4,,Juniper Trailhead,44.243854999999996,-121.281535
karman-line,Karman Line,https://bendbikerides.com/trail/karman-line,Cline Butte,blue,False,False,False,1,460.0,0.29,30.0,19.0,98,62,1222.6,1242.1,,,44.25264,-121.30361500000001
kents-trail,Kent’s Trail,https://bendbikerides.com/trail/kents-trail,Phil's Trail Complex,green,False,True,False,1,7071.0,4.39,194.0,35.0,636,115,1185.5,1345.0,,Phil’s Trailhead,44.032835000000006,-121.413935
kgb,K.G.B.,https://bendbikerides.com/trail/kgb,Phil's Trail Complex,blue,False,True,False,1,7247.0,4.5,110.0,186.0,361,610,1181.8,1277.4,,The Flaming Chicken,44.03152,-121.39488
king-castle,King Castle,https://bendbikerides.com/trail/king-castle,McKenzie,blue,False,False,False,1,6388.0,3.97,159.0,643.0,522,2110,377.7,878.3,,,44.157979999999995,-122.21195
kiwa-butte,Kiwa Butte,https://bendbikerides.com/trail/kiwa-butte,Wanoga Sno Park,green,False,True,False,1,2203.0,1.37,43.0,53.0,141,174,1676.9,1715.4,,,43.954645,-121.52393000000001
lake-creek,Lake Creek,https://bendbikerides.com/trail/lake-creek,Sisters,green,False,False,False,1,6964.0,4.33,8.0,150.0,26,492,908.5,1053.1,Akawa Butte Fire Closure,,44.441605,-121.69063
larison-creek,Larison Creek,https://bendbikerides.com/trail/larison-creek,,blue,False,True,False,1,9280.0,5.77,340.0,756.0,1115,2480,472.0,888.8,,,43.687265,-122.48531
larison-rock,Larison Rock,https://bendbikerides.com/trail/larison-rock,Oakridge,blue,False,True,False,1,5150.0,3.2,95.0,736.0,312,2415,364.3,1021.4,,,43.723575,-122.46491
last-chance,Last Chance,https://bendbikerides.com/trail/last-chance,Mt. Bachelor Bike Park,black,True,True,False,1,6028.0,3.75,152.0,577.0,499,1893,1935.3,2360.1,,Mt Bachelor Bike Park,43.997725,-121.686465
lava-flow,Lava Flow,https://bendbikerides.com/trail/lava-flow,Mt. Bachelor Bike Park,blue,True,True,False,1,5139.0,3.19,125.0,473.0,410,1552,2002.7,2353.4,,,43.992655,-121.676995
lava-flow-lower,Lava Flow (Lower),https://bendbikerides.com/trail/lava-flow-lower,Mt. Bachelor Bike Park,blue,True,True,False,1,1022.0,0.64,13.0,79.0,43,259,1939.0,2005.5,,Mt Bachelor Bike Park,43.999635,-121.67532
lawler,Lawler,https://bendbikerides.com/trail/lawler,Oakridge,blue,False,True,False,1,11148.0,6.93,243.0,1245.0,797,4085,327.8,1341.5,,,43.786435,-122.60732
leap-of-faith,Leap of Faith,https://bendbikerides.com/trail/leap-of-faith,Waldo Lake,black,False,False,False,1,2428.0,1.51,0.0,349.0,0,1145,1951.7,2300.2,,,43.618555,-121.959655
leap-of-faith-madras,Leap of Faith,https://bendbikerides.com/trail/leap-of-faith-madras,Madras,blue,True,True,False,1,443.0,0.28,27.0,6.0,89,20,783.0,807.0,,,44.626655,-121.09305499999999
legal-eagle,Legal Eagle,https://bendbikerides.com/trail/legal-eagle,Cline Butte,green,False,False,False,1,3237.0,2.01,127.0,50.0,417,164,993.7,1104.1,,,44.253125,-121.291425
lemish-lake-trail,Lemish Lake Trail,https://bendbikerides.com/trail/lemish-lake-trail,Waldo Lake,blue,False,False,False,1,4946.0,3.07,136.0,23.0,446,75,1447.9,1569.3,,,43.796345,-121.88456
lone-wolf,Lone Wolf,https://bendbikerides.com/trail/lone-wolf,Wanoga Sno Park,black,True,True,False,1,2297.0,1.43,10.0,155.0,33,509,1504.0,1649.0,,,43.940635,-121.496825
lookout-mountain,Lookout Mountain,https://bendbikerides.com/trail/lookout-mountain,Prineville & Ochocos,blue,False,False,False,1,17976.0,11.17,671.0,1115.0,2201,3658,1219.0,2111.0,,Lookout Mountain Lower Trailhead,44.360995,-120.38954
lorax,Lorax,https://bendbikerides.com/trail/lorax,Wanoga Sno Park,blue,,False,False,1,1450.0,0.9,105.0,19.0,344,62,1649.2,1739.1,,Wanoga Sno Park,43.981030000000004,-121.54006
lost-dream,Lost Dream,https://bendbikerides.com/trail/lost-dream,Maston,green,False,False,False,1,7251.0,4.51,76.0,50.0,249,164,951.6,980.3,,,44.22524,-121.29223999999999
lower-butte-loop,Lower Butte Loop,https://bendbikerides.com/trail/lower-butte-loop,Sisters,green,False,False,False,1,16808.0,10.44,362.0,279.0,1188,915,960.9,1102.2,Akawa Butte Fire Closure,Indian Ford Campground,44.390879999999996,-121.64240000000001
lower-flagline,Lower Flagline,https://bendbikerides.com/trail/lower-flagline,Swampy Lakes,blue,,False,False,1,1857.0,1.15,3.0,109.0,10,358,1797.2,1903.4,,,44.00771,-121.59601
lower-whoops,Lower Whoops,https://bendbikerides.com/trail/lower-whoops,Phil's Trail Complex,blue,True,True,False,1,2705.0,1.68,1.0,133.0,3,436,1371.1,1503.8,,NF 300,44.028495,-121.47622000000001
maiden-lake,Maiden Lake,https://bendbikerides.com/trail/maiden-lake,Waldo Lake,blue,False,False,False,1,8780.0,5.46,540.0,214.0,1772,702,1503.5,1978.1,,,43.60772,-121.95737
maiden-peak,Maiden Peak,https://bendbikerides.com/trail/maiden-peak,Waldo Lake,black,False,False,False,1,9634.0,5.99,963.0,53.0,3159,174,1468.9,2380.2,,,43.63256,-122.00792000000001
marvins-garden,Marvin’s Garden,https://bendbikerides.com/trail/marvins-garden,Phil's Trail Complex,green,False,True,False,1,8543.0,5.31,132.0,68.0,433,223,1172.0,1239.0,,Phil’s Trailhead,44.030770000000004,-121.38751500000001
maston-tie,Maston Tie,https://bendbikerides.com/trail/maston-tie,Maston,green,False,False,False,1,847.0,0.53,12.0,1.0,39,3,965.6,976.8,,Maston Trailhead,44.214394999999996,-121.30377
maverick,Maverick,https://bendbikerides.com/trail/maverick,Madras,blue,True,True,False,1,1003.0,0.62,7.0,41.0,23,135,775.0,816.0,,,44.627795000000006,-121.08742
mckenzie-river-trail,McKenzie River Trail,https://bendbikerides.com/trail/mckenzie-river-trail,McKenzie,"black,blue",False,False,False,2,39426.0,24.5,461.0,980.0,1512,3215,435.1,962.3,,,44.285399999999996,-122.06242499999999
metolius-windigo-99-lower,Metolius-Windigo: 99 Lower,https://bendbikerides.com/trail/metolius-windigo-99-lower,,blue,,False,False,1,15623.0,9.71,142.0,781.0,466,2562,1288.2,1947.9,,,44.161765,-121.643575
metolius-windigo-99-upper,Metolius-Windigo: 99 Upper,https://bendbikerides.com/trail/metolius-windigo-99-upper,,blue,,False,False,1,11408.0,7.09,263.0,245.0,863,804,1911.8,2066.2,,,44.088755,-121.609445
metolius-windigo-black-butte,Metolius-Windigo (Black Butte),https://bendbikerides.com/trail/metolius-windigo-black-butte,Sisters,blue,False,False,False,1,15019.0,9.33,228.0,383.0,748,1257,903.9,1195.7,Akawa Butte Fire Closure,,44.41587,-121.63542000000001
metolius-windigo-happy-valley,Metolius-Windigo: Happy Valley,https://bendbikerides.com/trail/metolius-windigo-happy-valley,Swampy Lakes,blue,,False,False,1,4809.0,2.99,49.0,290.0,161,951,1849.9,2095.1,,,44.053845,-121.63409
metolius-windigo-lava-lake,Metolius-Windigo: Lava Lake,https://bendbikerides.com/trail/metolius-windigo-lava-lake,,blue,,False,False,1,16896.0,10.5,142.0,528.0,466,1732,1449.3,1845.2,,,43.96146,-121.73818
metolius-windigo-north-fork-to-mrazek,Metolius Windigo: North Fork to Mrazek,https://bendbikerides.com/trail/metolius-windigo-north-fork-to-mrazek,,blue,,False,False,1,1821.0,1.13,82.0,20.0,269,66,1849.7,1910.8,,,44.057125,-121.606775
metolius-windigo-ramble-on,Metolius-Windigo: Ramble on,https://bendbikerides.com/trail/metolius-windigo-ramble-on,Swampy Lakes,blue,,False,False,1,3675.0,2.28,172.0,65.0,564,213,1983.2,2091.1,,,44.036955,-121.65841
metolius-windigo-todd-lake,Metolius-Windigo: Todd Lake,https://bendbikerides.com/trail/metolius-windigo-todd-lake,,blue,,False,False,1,5605.0,3.48,231.0,85.0,758,279,1820.6,1993.7,,,44.017700000000005,-121.683765
metolius-windigo-waldo-north,Metolius-Windigo (Waldo North),https://bendbikerides.com/trail/metolius-windigo-waldo-north,Waldo Lake,blue,False,False,False,1,10478.0,6.51,75.0,296.0,246,971,1569.5,1790.0,,,43.758115000000004,-121.930665
metolius-windigo-waldo-south,Metolius-Windigo (Waldo South),https://bendbikerides.com/trail/metolius-windigo-waldo-south,Waldo Lake,blue,False,False,False,1,22307.0,13.86,724.0,304.0,2375,997,1354.4,1821.2,,,43.668895000000006,-121.913535
middle-flagline,Middle Flagline,https://bendbikerides.com/trail/middle-flagline,Swampy Lakes,blue,False,False,True,1,6253.0,3.89,163.0,279.0,535,915,1904.0,2120.0,,,44.016925,-121.63095
middle-fork-willamette,Middle Fork Willamette,https://bendbikerides.com/trail/middle-fork-willamette,Oakridge,black,False,False,False,1,40359.0,25.08,435.0,1502.0,1427,4928,544.6,1615.1,,,43.47596,-122.284795
middle-fork-willamette-lower,Middle Fork Willamette (Lower),https://bendbikerides.com/trail/middle-fork-willamette-lower,Oakridge,green,False,False,False,1,7174.0,4.46,86.0,15.0,282,49,476.2,547.0,,,43.571960000000004,-122.45763
moore-creek,Moore Creek,https://bendbikerides.com/trail/moore-creek,Waldo Lake,blue,False,False,False,1,7791.0,4.84,54.0,233.0,177,764,1473.4,1659.3,,,43.65993,-121.94328999999999
mormon-mission,Mormon Mission,https://bendbikerides.com/trail/mormon-mission,Madras,blue,False,True,False,1,901.0,0.56,5.0,59.0,16,194,776.0,831.0,,,44.628405,-121.08245500000001
motherlode,Motherlode,https://bendbikerides.com/trail/motherlode,Prineville & Ochocos,blue,False,False,False,1,1917.0,1.19,0.0,248.0,0,814,1797.0,2045.0,,,44.333205,-120.361335
mrazek,Mrazek (Lower),https://bendbikerides.com/trail/mrazek,North of Skyliner,blue,False,False,False,1,12072.0,7.5,43.0,478.0,141,1568,1172.0,1607.0,,,44.052255,-121.46000000000001
mrazek-upper,Mrazek (Upper),https://bendbikerides.com/trail/mrazek-upper,North of Skyliner,"blue,blue",mixed,False,False,2,9012.0,5.6,105.0,409.0,344,1342,1607.0,1911.0,,,44.053219999999996,-121.556325
mt-ray-trail,Mt Ray Trail,https://bendbikerides.com/trail/mt-ray-trail,Oakridge,blue,False,False,False,1,4130.0,2.57,259.0,4.0,850,13,1525.4,1781.5,,,43.657375,-122.050345
mtb,MTB,https://bendbikerides.com/trail/mtb,Phil's Trail Complex,blue,False,True,False,1,2701.0,1.68,60.0,50.0,197,164,1206.0,1257.0,,,44.03808,-121.40513
north-fork,North Fork,https://bendbikerides.com/trail/north-fork,,blue,,False,False,1,5894.0,3.66,394.0,61.0,1293,200,1516.3,1849.8,,Tumalo Falls,44.043155,-121.59104500000001
north-fork-3666,North Fork #3666,https://bendbikerides.com/trail/north-fork-3666,Oakridge,blue,False,False,False,1,7845.0,4.87,258.0,218.0,846,715,326.7,415.2,,,43.782135,-122.46547000000001
north-pyramid,North Pyramid,https://bendbikerides.com/trail/north-pyramid,Cascade Crest,black,False,False,False,1,5127.0,3.19,633.0,91.0,2077,299,1021.2,1614.0,,,44.520125,-122.071415
olallie-trail,Olallie Trail,https://bendbikerides.com/trail/olallie-trail,McKenzie,blue,False,False,False,1,11292.0,7.02,524.0,632.0,1719,2073,1384.4,1612.7,,,44.093195,-122.08512
old-hwy-20,Old Hwy 20,https://bendbikerides.com/trail/old-hwy-20,East of Bend,green,False,False,False,1,4002.0,2.49,145.0,16.0,476,52,1180.5,1311.7,,,43.92103,-121.0125
oleary-mountain,O’Leary Mountain,https://bendbikerides.com/trail/oleary-mountain,McKenzie,black,False,False,False,1,20429.0,12.69,1379.0,1477.0,4524,4846,679.4,1564.8,,,44.13216,-122.17145
olympus,Olympus,https://bendbikerides.com/trail/olympus,Madras,blue,False,True,False,1,1082.0,0.67,34.0,21.0,112,69,818.0,838.0,,,44.63064,-121.07652
oregon-sunshine,Oregon Sunshine,https://bendbikerides.com/trail/oregon-sunshine,Maston,green,False,False,False,1,1935.0,1.2,27.0,21.0,89,69,949.7,972.3,,Juniper Trailhead,44.23888,-121.286075
parkway,Parkway,https://bendbikerides.com/trail/parkway,East of Bend,blue,False,False,False,1,7175.0,4.46,298.0,53.0,978,174,1108.9,1374.6,,Horse Ridge Trailhead,43.931615,-121.03007500000001
pebbles,Pebbles,https://bendbikerides.com/trail/pebbles,Prineville & Ochocos,blue,False,False,False,1,895.0,0.56,37.0,23.0,121,75,907.0,930.0,,,44.29692,-120.87174999999999
peek-a-boo,Peek A Boo,https://bendbikerides.com/trail/peek-a-boo,Madras,green,False,True,False,1,904.0,0.56,22.0,40.0,72,131,804.0,844.0,,,44.627539999999996,-121.07696999999999
peterson-ridge,Peterson Ridge,https://bendbikerides.com/trail/peterson-ridge,Sisters,blue,False,True,False,1,28166.0,17.5,346.0,346.0,1135,1135,975.2,1170.9,,Peterson Ridge Trailhead,44.251095,-121.547155
peterson-ridge-tie,Peterson Ridge Tie,https://bendbikerides.com/trail/peterson-ridge-tie,Sisters,blue,False,False,False,1,5155.0,3.2,180.0,61.0,591,200,1170.6,1290.1,,,44.214290000000005,-121.60094
phils-trail,Phil’s Trail,https://bendbikerides.com/trail/phils-trail,Phil's Trail Complex,"black,green,blue,green",mixed,True,False,4,12186.0,7.57,90.0,431.0,295,1414,1181.0,1538.0,,Phil’s Trailhead;The Flaming Chicken,44.02863,-121.435305
pinedrops,Pinedrops,https://bendbikerides.com/trail/pinedrops,Phil's Trail Complex,green,False,True,False,1,3092.0,1.92,146.0,14.0,479,46,1371.3,1514.4,,NF 300,44.027950000000004,-121.476275
pondo,Pondo,https://bendbikerides.com/trail/pondo,Wanoga Sno Park,blue,True,False,False,1,1341.0,0.83,5.0,109.0,16,358,1632.2,1736.9,,Wanoga Sno Park,43.979119999999995,-121.53646
positive-vibrations,Positive Vibrations,https://bendbikerides.com/trail/positive-vibrations,Cline Butte,green,False,False,False,1,557.0,0.35,5.0,47.0,16,154,1121.8,1167.0,,,44.2585,-121.300145
powerline,Powerline,https://bendbikerides.com/trail/powerline,Sisters,blue,False,False,False,1,182.0,0.11,0.0,4.0,0,13,990.0,994.1,,,44.26941,-121.54208
prt-middle,PRT Middle,https://bendbikerides.com/trail/prt-middle,Sisters,blue,False,False,False,1,2345.0,1.46,4.0,44.0,13,144,1120.5,1160.3,,,44.22445999999999,-121.55115
pumice-foot,Pumice Foot,https://bendbikerides.com/trail/pumice-foot,Maston,green,False,False,False,1,3313.0,2.06,29.0,27.0,95,89,956.5,971.6,,,44.23717499999999,-121.2877
pyramid-peak,Pyramid Peak,https://bendbikerides.com/trail/pyramid-peak,Cascade Crest,black,False,False,False,1,5499.0,3.42,412.0,381.0,1352,1250,598.9,732.2,,,44.49936,-122.160535
pyramids,Pyramids,https://bendbikerides.com/trail/pyramids,Cascade Crest,double-black,False,False,False,1,3199.0,1.99,561.0,30.0,1841,98,1174.6,1706.6,,,44.50322,-122.069425
quarantine,Quarantine,https://bendbikerides.com/trail/quarantine,Madras,green,False,True,False,1,609.0,0.38,1.0,39.0,3,128,805.0,843.0,,,44.62808,-121.077095
radlands,Radlands,https://bendbikerides.com/trail/radlands,,green,False,False,False,1,1604.0,1.0,22.0,17.0,72,56,918.0,932.0,,High Desert Sports Complex,44.293130000000005,-121.143595
rattler,Rattler,https://bendbikerides.com/trail/rattler,Cline Butte,"blue,blue",mixed,False,False,2,5316.0,3.3,121.0,97.0,397,318,939.1,1012.8,,,44.274,-121.31523
rattlesnake,Rattlesnake,https://bendbikerides.com/trail/rattlesnake,Mt. Bachelor Bike Park,black,True,True,False,1,1847.0,1.15,24.0,241.0,79,791,2025.9,2242.9,,,43.99437,-121.677025
redline,Redline,https://bendbikerides.com/trail/redline,Mt. Bachelor Bike Park,black,True,True,False,1,2301.0,1.43,32.0,316.0,105,1037,2071.0,2355.3,,,43.994395,-121.68532
return-policy,Return Policy,https://bendbikerides.com/trail/return-policy,Cline Butte,blue,False,False,False,1,839.0,0.52,68.0,5.0,223,16,1163.8,1227.3,,,44.254720000000006,-121.300145
return-to-whiskey,Return to Whiskey,https://bendbikerides.com/trail/return-to-whiskey,Madras,green,False,True,False,1,542.0,0.34,38.0,1.0,125,3,782.0,820.0,,,44.62964,-121.08197000000001
ridge-loop-trail,Ridge Loop Trail,https://bendbikerides.com/trail/ridge-loop-trail,Swampy Lakes,blue,,False,False,1,4243.0,2.64,181.0,21.0,594,69,1767.2,1926.8,,Swampy Lakes,43.990825,-121.584305
ridge-runner,Ridge Runner,https://bendbikerides.com/trail/ridge-runner,Cline Butte,blue,False,False,False,1,2449.0,1.52,102.0,36.0,335,118,1014.9,1093.2,,,44.250005,-121.32766000000001
rim-trail,Rim Trail,https://bendbikerides.com/trail/rim-trail,Prineville & Ochocos,blue,False,False,False,1,2413.0,1.5,79.0,71.0,259,233,975.0,993.0,,,44.290525,-120.862915
river-trail,River Trail,https://bendbikerides.com/trail/river-trail,,blue,False,False,False,1,3469.0,2.16,131.0,126.0,430,413,803.8,851.0,,Smith Rock Welcome Center,44.366,-121.145325
rockbar,Rockbar,https://bendbikerides.com/trail/rockbar,Maston,blue,False,False,False,1,1640.0,1.02,40.0,32.0,131,105,954.0,984.3,,,44.214375000000004,-121.27225
rockfall,Rockfall,https://bendbikerides.com/trail/rockfall,Mt. Bachelor Bike Park,double-black,True,True,False,1,1473.0,0.92,15.0,304.0,49,997,2068.2,2359.5,,,43.99431,-121.683595
rocky-raccoon,Rocky Raccoon,https://bendbikerides.com/trail/rocky-raccoon,Prineville & Ochocos,"green,green",False,False,False,2,1333.0,0.83,54.0,44.0,177,144,884.0,919.0,,,44.297979999999995,-120.868615
round-mountain,Round Mountain,https://bendbikerides.com/trail/round-mountain,Prineville & Ochocos,blue,False,False,False,1,14010.0,8.71,682.0,656.0,2238,2152,1635.0,2035.0,Brewer Crosswhite West Fire Area Closure,,44.38871,-120.343375
roundabout,Roundabout,https://bendbikerides.com/trail/roundabout,Sunriver,blue,False,True,False,1,5144.0,3.2,99.0,93.0,325,305,1265.4,1337.3,,,43.904645,-121.45191
royal-flush,Royal Flush,https://bendbikerides.com/trail/royal-flush,Sunriver,blue,True,True,False,1,2019.0,1.25,4.0,87.0,13,285,1374.2,1457.2,,,43.9337,-121.480965
running-elk,Running Elk,https://bendbikerides.com/trail/running-elk,Sisters,blue,False,False,False,1,244.0,0.15,3.0,4.0,10,13,1030.2,1034.2,,,44.251099999999994,-121.526415
saddle-access,Saddle Access,https://bendbikerides.com/trail/saddle-access,,green,False,False,False,1,1129.0,0.7,163.0,1.0,535,3,1075.1,1237.1,,,44.25535,-121.29665
salmon-creek-north,Salmon Creek (North),https://bendbikerides.com/trail/salmon-creek-north,Oakridge,green,False,False,False,1,6533.0,4.06,113.0,37.0,371,121,378.0,458.3,,,43.75471,-122.410165
salmon-creek-south,Salmon Creek (South),https://bendbikerides.com/trail/salmon-creek-south,Oakridge,black,False,False,False,1,6988.0,4.34,274.0,363.0,899,1191,375.2,559.2,,,43.75143,-122.41113
sand-canyon,Sand Canyon,https://bendbikerides.com/trail/sand-canyon,East of Bend,black,False,False,False,1,3335.0,2.07,6.0,319.0,20,1047,1116.7,1430.4,,Horse Ridge Trailhead,43.933395000000004,-121.04661
sawtooth,Sawtooth,https://bendbikerides.com/trail/sawtooth,Oakridge,black,False,True,False,1,8247.0,5.12,229.0,747.0,751,2451,762.7,1280.1,,,43.806794999999994,-122.69532000000001
sawtooth-mountain,Sawtooth Mountain,https://bendbikerides.com/trail/sawtooth-mountain,Oakridge,black,False,False,False,1,3628.0,2.25,109.0,393.0,358,1289,1684.2,1988.5,,,43.392115000000004,-122.11666
scar-mountain,Scar Mountain,https://bendbikerides.com/trail/scar-mountain,Cascade Crest,black,False,False,False,1,11191.0,6.95,645.0,984.0,2116,3228,1070.9,1509.0,,,44.55149,-122.085145
scotty-creek,Scotty Creek,https://bendbikerides.com/trail/scotty-creek,Prineville & Ochocos,blue,False,False,False,1,6869.0,4.27,765.0,98.0,2510,322,1060.0,1727.0,,,44.52336,-120.443495
sector-16,Sector 16,https://bendbikerides.com/trail/sector-16,Swampy Lakes,blue,,False,False,1,5010.0,3.11,80.0,110.0,262,361,1658.5,1735.8,,Swede Ridge Shelter;Shooting Star,44.014215,-121.53504000000001
shevlin,Shevlin,https://bendbikerides.com/trail/shevlin,North of Skyliner,green,False,True,False,1,3994.0,2.48,140.0,71.0,459,233,1104.0,1173.0,,,44.068185,-121.392045
sisters-tie,Sisters Tie,https://bendbikerides.com/trail/sisters-tie,Sisters,blue,False,False,False,1,10476.0,6.51,35.0,16.0,115,52,967.2,990.6,Akawa Butte Fire Closure,Indian Ford Campground,44.329634999999996,-121.582395
skyline,Skyline,https://bendbikerides.com/trail/skyline,Waldo Lake,blue,False,False,False,1,5435.0,3.38,329.0,39.0,1079,128,1613.9,1930.1,,,43.621395,-122.01272
skyliner,Skyliner,https://bendbikerides.com/trail/skyliner,Phil's Trail Complex,blue,,True,False,1,5078.0,3.16,128.0,74.0,420,243,1447.2,1502.8,,Skyliners Trailhead,44.03063,-121.4966
sourth-fork,South Fork,https://bendbikerides.com/trail/sourth-fork,Swampy Lakes,black,,False,False,1,5084.0,3.16,309.0,16.0,1014,52,1500.1,1795.4,,Swampy Shelter,44.018335,-121.57343
south-pyramid-creek,South Pyramid Creek,https://bendbikerides.com/trail/south-pyramid-creek,Cascade Crest,blue,False,False,False,1,10351.0,6.43,315.0,796.0,1033,2612,680.0,1279.4,,,44.49129,-122.108085
south-waldo-lake,South Waldo Lake,https://bendbikerides.com/trail/south-waldo-lake,Waldo Lake,blue,False,False,False,1,9001.0,5.59,229.0,589.0,751,1932,1420.9,1891.4,,,43.641145,-122.097915
south-willamette,South Willamette,https://bendbikerides.com/trail/south-willamette,Oakridge,blue,False,False,False,1,10693.0,6.64,530.0,584.0,1739,1916,287.2,435.4,,,43.82625,-122.632755
sst,SST,https://bendbikerides.com/trail/sst,Swampy Lakes,blue,,False,False,1,5401.0,3.36,102.0,177.0,335,581,1730.4,1817.7,,Swede Ridge Shelter,44.00578,-121.56347
start-o-willamette,Start 'O Willamette,https://bendbikerides.com/trail/start-o-willamette,Oakridge,black,False,True,False,1,1662.0,1.03,196.0,10.0,643,33,1611.4,1797.6,,,43.41663,-122.11116
steve-larsen,Steve Larsen,https://bendbikerides.com/trail/steve-larsen,Wanoga Sno Park,green,False,True,False,1,4242.0,2.64,74.0,94.0,243,308,1426.2,1464.5,,,43.96034,-121.479735
stinger-east,Stinger East,https://bendbikerides.com/trail/stinger-east,Cline Butte,blue,False,False,False,1,3648.0,2.27,79.0,47.0,259,154,979.2,1036.8,,,44.25763,-121.33499499999999
stinger-west,Stinger West,https://bendbikerides.com/trail/stinger-west,Cline Butte,blue,False,False,False,1,3951.0,2.46,48.0,80.0,157,262,959.2,1015.2,,,44.25761,-121.34067999999999
storm-king-lower,Storm King (Lower),https://bendbikerides.com/trail/storm-king-lower,Wanoga Sno Park,blue,False,True,False,1,5786.0,3.6,72.0,223.0,236,732,1236.0,1414.0,,,43.974729999999994,-121.44592
storm-king-upper,Storm King (Upper),https://bendbikerides.com/trail/storm-king-upper,Phil's Trail Complex,blue,False,True,False,1,8760.0,5.44,142.0,261.0,466,856,1360.0,1526.0,,Green Gate,44.00155,-121.473175
strong-whiskey,Strong Whiskey,https://bendbikerides.com/trail/strong-whiskey,Madras,black,True,True,False,1,415.0,0.26,0.0,37.0,0,121,782.0,819.0,,,44.62962,-121.08219
summer-range,Summer Range,https://bendbikerides.com/trail/summer-range,Sisters,blue,False,False,False,1,909.0,0.56,13.0,16.0,43,52,1003.3,1015.7,,,44.2564,-121.52845500000001
summit-trail,Summit Trail,https://bendbikerides.com/trail/summit-trail,,blue,False,False,False,1,3749.0,2.33,73.0,351.0,240,1152,810.6,1088.7,,,44.37518,-121.13719499999999
sunset-ridge,Sunset Ridge,https://bendbikerides.com/trail/sunset-ridge,Madras,green,False,True,False,1,488.0,0.3,13.0,6.0,43,20,783.0,795.0,,,44.63033,-121.094765
suttle-lake-loop,Suttle Lake Loop,https://bendbikerides.com/trail/suttle-lake-loop,Sisters,green,False,False,False,1,5520.0,3.43,50.0,52.0,164,171,1049.0,1059.0,,,44.421955,-121.74122
suttle-tie,Suttle Tie,https://bendbikerides.com/trail/suttle-tie,Sisters,green,False,False,False,1,8270.0,5.14,110.0,81.0,361,266,1002.2,1058.3,Akawa Butte Fire Closure,,44.40891,-121.69662
swamp-thing,Swamp Thing,https://bendbikerides.com/trail/swamp-thing,Swampy Lakes,green,False,False,False,1,2835.0,1.76,123.0,20.0,404,66,1665.0,1768.0,,Swampy Lakes;Wanoga Sno Park,43.98765,-121.55424500000001
swamp-wells,Swamp Wells,https://bendbikerides.com/trail/swamp-wells,East of Bend,blue,False,False,False,1,37049.0,23.02,1392.0,318.0,4567,1043,1233.0,2307.0,Cabin Butte Area Closure,,43.85822,-121.23362
swampy-lakes-loop,Swampy Lakes Loop,https://bendbikerides.com/trail/swampy-lakes-loop,Swampy Lakes,blue,,False,False,1,6568.0,4.08,109.0,109.0,358,358,1766.2,1824.4,,Swampy Shelter;Swampy Lakes,44.000365,-121.57781
swampydutchman,Swampy/Dutchman,https://bendbikerides.com/trail/swampydutchman,Swampy Lakes,green,,False,False,1,7054.0,4.38,197.0,209.0,646,686,1860.0,1977.5,,Dutchman Flat Sno Park,43.9928,-121.63231999999999
swan-song,Swan Song,https://bendbikerides.com/trail/swan-song,Sunriver,green,False,True,False,1,2880.0,1.79,19.0,19.0,62,62,1266.5,1278.0,,,43.88975,-121.45741
swede-ridge,Swede Ridge,https://bendbikerides.com/trail/swede-ridge,Swampy Lakes,blue,,False,False,1,2977.0,1.85,60.0,116.0,197,381,1734.0,1810.3,,Swede Ridge Shelter,44.01177,-121.56345999999999
talon-trail,Talon Trail,https://bendbikerides.com/trail/talon-trail,Maston,green,False,False,False,1,3289.0,2.04,29.0,43.0,95,141,947.1,986.3,,,44.228629999999995,-121.27171
telegraph,Telegraph,https://bendbikerides.com/trail/telegraph,Sisters,blue,False,False,False,1,625.0,0.39,16.0,1.0,52,3,1112.1,1126.5,,,44.225585,-121.542625
the-crossing,The Crossing,https://bendbikerides.com/trail/the-crossing,Prineville & Ochocos,blue,False,False,False,1,889.0,0.55,9.0,72.0,30,236,921.0,984.0,,,44.29392,-120.873385
the-goat,The Goat,https://bendbikerides.com/trail/the-goat,Cline Butte,blue,False,False,False,1,445.0,0.28,0.0,75.0,0,246,1163.2,1237.9,,,44.254900000000006,-121.3009
the-lair,The Lair,https://bendbikerides.com/trail/the-lair,Phil's Trail Complex,double-black,True,True,False,1,1220.0,0.76,27.0,51.0,89,167,1196.6,1222.8,,,44.027175,-121.37434999999999
the-ravine,The Ravine,https://bendbikerides.com/trail/the-ravine,Madras,green,False,True,False,1,771.0,0.48,37.0,4.0,121,13,804.0,837.0,,,44.627700000000004,-121.07803
the-saddle,The Saddle,https://bendbikerides.com/trail/the-saddle,Cline Butte,blue,True,False,False,1,780.0,0.48,1.0,131.0,3,430,1033.8,1163.4,,,44.25483,-121.295905
ticket-to-ride,Ticket to Ride,https://bendbikerides.com/trail/ticket-to-ride,Phil's Trail Complex,green,False,True,False,1,9508.0,5.91,190.0,190.0,623,623,1210.0,1337.8,,Cascade Lakes Welcome Center,44.00486,-121.41746
tiddlywinks-lower,Tiddlywinks (Lower),https://bendbikerides.com/trail/tiddlywinks-lower,Wanoga Sno Park,blue,False,True,False,1,6554.0,4.07,53.0,353.0,174,1158,1386.0,1689.0,,,43.968835,-121.49302
tiddlywinks-upper,Tiddlywinks (Upper),https://bendbikerides.com/trail/tiddlywinks-upper,Wanoga Sno Park,blue,False,True,False,1,4553.0,2.83,101.0,63.0,331,207,1627.4,1686.1,,Wanoga Sno Park,43.97213,-121.52455499999999
timpanogas-lake,Timpanogas Lake,https://bendbikerides.com/trail/timpanogas-lake,Oakridge,blue,False,False,False,1,1662.0,1.03,23.0,23.0,75,75,1608.3,1620.3,,,43.411675,-122.11409
tin-can-alley,Tin Can Alley,https://bendbikerides.com/trail/tin-can-alley,Sisters,blue,False,False,False,1,351.0,0.22,1.0,1.0,3,3,983.2,984.1,,,44.27378,-121.543705
tire-mountain,Tire Mountain,https://bendbikerides.com/trail/tire-mountain,Oakridge,blue,False,True,False,1,7847.0,4.88,271.0,629.0,889,2064,857.5,1241.3,,,43.834585000000004,-122.52711500000001
top-ring,Top Ring,https://bendbikerides.com/trail/top-ring,Sisters,blue,False,False,False,1,1652.0,1.03,30.0,19.0,98,62,1143.5,1170.6,,,44.2261,-121.564665
trail-1,Trail 1,https://bendbikerides.com/trail/trail-1,Cline Butte,black,True,False,False,1,724.0,0.45,0.0,161.0,0,528,1074.0,1234.9,,,44.251485,-121.29991000000001
trail-2,Trail 2,https://bendbikerides.com/trail/trail-2,Cline Butte,double-black,True,False,False,1,986.0,0.61,0.0,212.0,0,696,1026.4,1238.6,,,44.250475,-121.29887
trail-3,Trail 3,https://bendbikerides.com/trail/trail-3,Cline Butte,black,True,False,False,1,1382.0,0.86,6.0,220.0,20,722,1026.8,1240.7,,,44.249840000000006,-121.30023
trashalanche,Trashalanche!,https://bendbikerides.com/trail/trashalanche,Prineville & Ochocos,green,False,False,False,1,1360.0,0.85,71.0,16.0,233,52,929.0,984.0,,,44.293395000000004,-120.87045499999999
trestle,Trestle,https://bendbikerides.com/trail/trestle,Madras,"black,green,black",mixed,True,False,3,1257.0,0.78,0.0,49.0,0,161,761.0,810.0,,,44.630285,-121.092195
trestle-return,Trestle Return,https://bendbikerides.com/trail/trestle-return,Madras,green,False,True,False,1,1181.0,0.73,49.0,0.0,161,0,761.0,810.0,,,44.630275,-121.092115
trinity-spur,Trinity Spur,https://bendbikerides.com/trail/trinity-spur,,black,False,False,False,1,111.0,0.07,1.0,1.0,3,3,915.0,916.0,,High Desert Sports Complex,44.296685,-121.146445
tumalo-creek,Tumalo Creek,https://bendbikerides.com/trail/tumalo-creek,North of Skyliner,green,False,False,False,1,4614.0,2.87,129.0,71.0,423,233,1447.0,1505.0,,Skyliners Trailhead;Tumalo Falls,44.029804999999996,-121.540265
tumalo-ridge,Tumalo Ridge,https://bendbikerides.com/trail/tumalo-ridge,Swampy Lakes,blue,,False,False,1,7515.0,4.67,395.0,108.0,1296,354,1449.3,1736.0,,Swede Ridge Shelter;Skyliners Trailhead,44.02245,-121.539485
turkey-hollow,Turkey Hollow,https://bendbikerides.com/trail/turkey-hollow,Sisters,blue,False,False,False,1,311.0,0.19,3.0,2.0,10,7,1086.4,1088.3,,,44.23346,-121.529615
twin-peaks,Twin Peaks,https://bendbikerides.com/trail/twin-peaks,Waldo Lake,black,False,False,False,1,9934.0,6.17,455.0,342.0,1493,1122,1705.5,2121.7,,,43.69922,-121.984865
twin-snakes,Twin Snakes,https://bendbikerides.com/trail/twin-snakes,Madras,green,False,True,False,1,525.0,0.33,1.0,34.0,3,112,804.0,837.0,,,44.627695,-121.07871
tylers-traverse,Tyler's Traverse,https://bendbikerides.com/trail/tylers-traverse,Wanoga Sno Park,blue,True,True,False,1,10221.0,6.35,98.0,520.0,322,1706,1255.0,1697.0,,,43.945845,-121.48682
upper-butte-loop,Upper Butte Loop,https://bendbikerides.com/trail/upper-butte-loop,Sisters,blue,False,False,False,1,18886.0,11.74,571.0,514.0,1873,1686,1069.6,1258.4,Akawa Butte Fire Closure,,44.399675,-121.63401999999999
upper-flagline,Upper Flagline,https://bendbikerides.com/trail/upper-flagline,Swampy Lakes,blue,,False,False,1,2095.0,1.3,57.0,87.0,187,285,1976.6,2022.9,,,44.029084999999995,-121.66388
upper-whoops,Upper Whoops,https://bendbikerides.com/trail/upper-whoops,Phil's Trail Complex,blue,False,False,False,1,3169.0,1.97,3.0,208.0,10,682,1500.0,1707.0,,Shooting Star,44.0226,-121.506325
vista-butte,Vista Butte,https://bendbikerides.com/trail/vista-butte,Swampy Lakes,black,,False,False,1,870.0,0.54,4.0,74.0,13,243,1942.6,2016.3,,,43.992435,-121.601015
voodoo,Voodoo,https://bendbikerides.com/trail/voodoo,Phil's Trail Complex,blue,False,True,False,1,4896.0,3.04,97.0,141.0,318,463,1273.4,1345.7,,,44.023255,-121.42992000000001
voodoo-child,Voodoo Child,https://bendbikerides.com/trail/voodoo-child,Phil's Trail Complex,green,False,True,False,1,1308.0,0.81,10.0,18.0,33,59,1316.9,1330.3,,,44.0116,-121.435155
way-out,Way Out,https://bendbikerides.com/trail/way-out,Mt. Bachelor Bike Park,blue,True,False,False,1,1129.0,0.7,22.0,89.0,72,292,1937.1,2004.5,,Mt Bachelor Bike Park,44.001644999999996,-121.68245999999999
west-bend-trail,West Bend Trail,https://bendbikerides.com/trail/west-bend-trail,Phil's Trail Complex,green,False,True,False,1,1678.0,1.04,18.0,3.0,59,10,1161.0,1176.0,,,44.051334999999995,-121.37362
west-side,West Side,https://bendbikerides.com/trail/west-side,Madras,blue,False,True,False,1,4104.0,2.55,108.0,76.0,354,249,761.0,823.0,,,44.62856,-121.08976
whiptail,Whiptail,https://bendbikerides.com/trail/whiptail,Cline Butte,green,False,False,False,1,2358.0,1.47,13.0,11.0,43,36,929.2,940.6,,,44.282375,-121.322185
white-buffalo-a,White Buffalo A,https://bendbikerides.com/trail/white-buffalo-a,Madras,double-black,True,True,False,1,479.0,0.3,2.0,46.0,7,151,787.0,831.0,,,44.626215,-121.081845
white-buffalo-b,White Buffalo B,https://bendbikerides.com/trail/white-buffalo-b,Madras,black,True,True,False,1,448.0,0.28,1.0,40.0,3,131,788.0,827.0,,,44.627105,-121.08202
winberry-divide,Winberry Divide,https://bendbikerides.com/trail/winberry-divide,Oakridge,blue,False,True,False,1,14488.0,9.0,687.0,1210.0,2254,3970,337.9,861.2,,,43.85924,-122.60849999999999
windy-pass,Windy Pass,https://bendbikerides.com/trail/windy-pass,Oakridge,black,False,True,False,1,13653.0,8.48,691.0,471.0,2267,1545,1736.9,2123.8,,,43.4052,-122.09256500000001
wolf-tree,Wolf Tree,https://bendbikerides.com/trail/wolf-tree,,blue,False,False,False,1,1769.0,1.1,91.0,18.0,299,59,816.1,889.6,,Smith Rock Welcome Center,44.37132,-121.13421
